day,date,weekday,hour_IL,folder,slides,title
1,2026-10-03,שבת,22:27,day01,7,השאלה הכי נפוצה בקבוצות. והתשובה שאף אחד לא נותן
2,2026-10-04,ראשון,09:27,day02,7,מ-1 באוקטובר הבנק סופר אחרת
3,2026-10-05,שני,09:27,day03,7,83% נשארו בבנק שלהם במחזור. טוב או רע?
4,2026-10-06,שלישי,09:27,day04,7,יועץ של הפרויקט או יועץ שלכם?
5,2026-10-07,רביעי,09:27,day05,7,אתם לא מאחור. אתם לפני החלטה
6,2026-10-08,חמישי,09:27,day06,8,"8,107. או 12,240. אותה משכנתא בדיוק"
7,2026-10-09,שישי,14:27,day07,7,מחזירים מוקדם? אל תשלמו עמלה מיותרת
8,2026-10-10,שבת,22:27,day08,7,למחזר משכנתא כדי להשקיע בבורסה?
9,2026-10-11,ראשון,09:27,day09,7,השמאי העריך נמוך. מי משלם את ההפרש?
10,2026-10-12,שני,09:27,day10,7,אישור עקרוני זה כרטיס כניסה. לא סוף הדרך
11,2026-10-13,שלישי,09:27,day11,7,2 דרכים לעבור דירה עם משכנתא. רק אחת מתאימה לכם
12,2026-10-14,רביעי,09:27,day12,7,מחר המדד. ככה הוא נכנס לכם לחוב
13,2026-10-15,חמישי,09:27,day13,7,קניתם חדשה והישנה לא נמכרת?
14,2026-10-16,שישי,14:27,day14,7,50%. זה כל המימון לדירה להשקעה
15,2026-10-17,שבת,22:27,day15,7,זכיתם? מזל טוב. עכשיו תבדקו את הבנק
16,2026-10-18,ראשון,09:27,day16,7,350 אלף בחיסכון. לשלם לקבלן או למשוך משכנתא?
17,2026-10-19,שני,09:27,day17,7,מאחדים הלוואות דרך הבית? תעשו את זה בסדר הנכון
18,2026-10-20,שלישי,09:27,day18,7,15 שקל. כמה באמת שווה לכם הורדת ריבית
19,2026-10-21,רביעי,09:27,day19,7,הקפאת משכנתא היא לא חינם
20,2026-10-22,חמישי,09:27,day20,7,'רק חתימה'. 4 דברים לפני שאתם ערבים
21,2026-10-23,שישי,14:27,day21,7,0 ₪ מס רכישה. עד איזה מחיר?
22,2026-10-24,שבת,22:27,day22,7,5 שאלות מהקבוצות. תשובות בלי חפירות
23,2026-10-25,ראשון,09:27,day23,7,2026 היא שנת שיא במשכנתאות. למה לכם זה לא מרגיש ככה?
24,2026-10-26,שני,09:27,day24,7,80/20 מהקבלן? תקראו לפני סוף השנה
25,2026-10-27,שלישי,09:27,day25,7,ריבית של עד 3%. ועדיין לא תמיד הכי זולה
26,2026-10-28,רביעי,09:27,day26,7,70%. התקרה כשממשכנים את הבית לכל מטרה
27,2026-10-29,חמישי,09:27,day27,7,הריבית ירדה. המרווח עלה. מי הרוויח?
28,2026-10-30,שישי,14:27,day28,7,5 טעויות שראיתי החודש בקבוצות
29,2026-10-31,שבת,22:27,day29,7,בדקתי את המספר מהקבוצה. הנה החשבון המלא
