day,date,weekday,time_IL,folder,slides
1,2026-10-01,חמישי,20:45 (בדיקה),day01,8
2,2026-10-02,שישי,13:10,day02,8
3,2026-10-03,שבת,20:50,day03,7
4,2026-10-04,ראשון,20:40,day04,6
5,2026-10-05,שני,19:10,day05,8
6,2026-10-06,שלישי,19:10,day06,8
7,2026-10-07,רביעי,12:20,day07,8
8,2026-10-08,חמישי,08:50,day08,7
9,2026-10-09,שישי,13:10,day09,8
10,2026-10-10,שבת,20:50,day10,7
11,2026-10-11,ראשון,20:40,day11,8
12,2026-10-12,שני,19:10,day12,7
13,2026-10-13,שלישי,19:10,day13,8
14,2026-10-14,רביעי,12:20,day14,8
15,2026-10-15,חמישי,08:50,day15,8
16,2026-10-16,שישי,13:10,day16,8
17,2026-10-17,שבת,20:50,day17,8
18,2026-10-18,ראשון,20:40,day18,7
19,2026-10-19,שני,19:10,day19,8
20,2026-10-20,שלישי,19:10,day20,8
21,2026-10-21,רביעי,12:20,day21,8
22,2026-10-22,חמישי,08:50,day22,8
23,2026-10-23,שישי,13:10,day23,7
24,2026-10-24,שבת,20:50,day24,8
25,2026-10-25,ראשון,20:40,day25,7
26,2026-10-26,שני,19:10,day26,7
27,2026-10-27,שלישי,19:10,day27,7
28,2026-10-28,רביעי,12:20,day28,7
29,2026-10-29,חמישי,08:50,day29,7
30,2026-10-30,שישי,13:10,day30,7
